{
  "name": "axios",
  "main": "./dist/axios.js",
  "version": "0.26.1",
  "homepage": "https://axios-http.com",
  "authors": [
    "Matt Zabriskie"
  ],
  "description": "Promise based HTTP client for the browser and node.js",
  "moduleType": [
    "amd",
    "globals"
  ],
  "keywords": [
    "xhr",
    "http",
    "ajax",
    "promise",
    "node"
  ],
  "license": "MIT",
  "ignore": [
    "**/.*",
    "*.iml",
    "examples",
    "lib",
    "node_modules",
    "sandbox",
    "test",
    "CONTRIBUTING.md",
    "COOKBOOK.md",
    "Gruntfile.js",
    "index.js",
    "karma.conf.js",
    "package.json",
    "webpack.*.js"
  ],
  "_release": "0.26.1",
  "_resolution": {
    "type": "version",
    "tag": "v0.26.1",
    "commit": "8e67551177990ed067384e1641d6964dcab773f7"
  },
  "_source": "https://github.com/mzabriskie/axios.git",
  "_target": "^0.26.1",
  "_originalSource": "axios",
  "_direct": true
}